20172TIJG0233;João Francisco;joao.francisco@gmail.com;
20161TIJG0284;José Alberto;jose.alberto@gmail.com;
20172TIJG0071;Jozivaldo Pereira;jozivaldo.pereira@gmail.com;
20172TIJG0047;Luan Cleyton;luan.cleyton@gmail.com;
20171TIJG0193;Pollyanna de Fátima;pollyanna.fatima@gmail.com;
20172TIJG0063;Reginaldo Veiga;reginaldo.veiga@gmail.com;
20172TIJG0110;Robson Oliveira;robson.oliveira@gmail.com;
20172TIJG0284;Tiago Silva;tiago.silva@gmail.com;
20172TIJG0101;Wilton Pereira;wilton.pereira@gmail.com;
20172TIJG0012;Ylson Oliveira;ylson.oliveira@gmail.com;